-- phpMyAdmin SQL Dump
-- version 4.9.2
-- https://www.phpmyadmin.net/
--
-- Hôte : 127.0.0.1:3306
-- Généré le :  jeu. 09 jan. 2020 à 07:18
-- Version du serveur :  10.4.10-MariaDB
-- Version de PHP :  7.3.12

SET SQL_MODE = "NO_AUTO_VALUE_ON_ZERO";
SET AUTOCOMMIT = 0;
START TRANSACTION;
SET time_zone = "+00:00";


/*!40101 SET @OLD_CHARACTER_SET_CLIENT=@@CHARACTER_SET_CLIENT */;
/*!40101 SET @OLD_CHARACTER_SET_RESULTS=@@CHARACTER_SET_RESULTS */;
/*!40101 SET @OLD_COLLATION_CONNECTION=@@COLLATION_CONNECTION */;
/*!40101 SET NAMES utf8mb4 */;

--
-- Base de données :  `piscine`
--
CREATE DATABASE IF NOT EXISTS `piscine` DEFAULT CHARACTER SET latin1 COLLATE latin1_swedish_ci;
USE `piscine`;

-- --------------------------------------------------------

--
-- Structure de la table `classe`
--

DROP TABLE IF EXISTS `classe`;
CREATE TABLE IF NOT EXISTS `classe` (
  `IdClasse` int(11) NOT NULL AUTO_INCREMENT,
  `LibelleClasse` varchar(5) NOT NULL,
  `Annee` int(11) NOT NULL,
  PRIMARY KEY (`IdClasse`)
) ENGINE=InnoDB AUTO_INCREMENT=28 DEFAULT CHARSET=utf8;

--
-- Déchargement des données de la table `classe`
--

INSERT INTO `classe` (`IdClasse`, `LibelleClasse`, `Annee`) VALUES
(1, 'IG', 3),
(2, 'IG', 4),
(3, 'IG', 5),
(4, 'GBA', 3),
(5, 'GBA', 4),
(6, 'GBA', 5),
(7, 'MEA', 3),
(8, 'MEA', 4),
(9, 'MEA', 5),
(10, 'MI', 3),
(11, 'MI', 4),
(12, 'MI', 5),
(13, 'MAT', 3),
(14, 'MAT', 4),
(15, 'MAT', 5),
(16, 'STE', 3),
(17, 'STE', 4),
(18, 'STE', 5),
(19, 'MSI', 3),
(20, 'MSI', 4),
(21, 'MSI', 5),
(22, 'SE', 3),
(23, 'SE', 4),
(24, 'SE', 5),
(25, 'EGC', 3),
(26, 'EGC', 4),
(27, 'EGC', 5);

-- --------------------------------------------------------

--
-- Structure de la table `groupe`
--

DROP TABLE IF EXISTS `groupe`;
CREATE TABLE IF NOT EXISTS `groupe` (
  `NumGroupe` int(11) NOT NULL,
  `LibelleGroupe` varchar(50) NOT NULL,
  PRIMARY KEY (`NumGroupe`)
) ENGINE=InnoDB DEFAULT CHARSET=utf8;

--
-- Déchargement des données de la table `groupe`
--

INSERT INTO `groupe` (`NumGroupe`, `LibelleGroupe`) VALUES
(1, 'Faible'),
(2, 'Fort');

-- --------------------------------------------------------

--
-- Structure de la table `personne`
--

DROP TABLE IF EXISTS `personne`;
CREATE TABLE IF NOT EXISTS `personne` (
  `codeINE` varchar(11) NOT NULL,
  `nom` varchar(50) NOT NULL,
  `prenom` varchar(50) NOT NULL,
  `email` varchar(50) NOT NULL,
  `mdp` varchar(255) NOT NULL,
  `NumGroupe` int(11) DEFAULT NULL,
  `IdClasse` int(11) DEFAULT NULL,
  PRIMARY KEY (`codeINE`),
  KEY `Personne_Groupe_FK` (`NumGroupe`),
  KEY `Personne_Classe0_FK` (`IdClasse`)
) ENGINE=InnoDB DEFAULT CHARSET=utf8;

--
-- Déchargement des données de la table `personne`
--

INSERT INTO `personne` (`codeINE`, `nom`, `prenom`, `email`, `mdp`, `NumGroupe`, `IdClasse`) VALUES
('1110014292z', 'Hoarau', 'Sébastien', 'sebastien.hoarau@etu.umontpellier.fr', '$2y$10$r6aoX0DVXKGE/WGxGv4mH.ZEUdzt3m6qwpeipcdj99g1PJ8838tDK', 1, 1),
('1111111111a', 'Mur', 'Pierre', 'pierre.mur@etu.umontpellier.fr', '$2y$10$aKnqdZL7L60ZUvyXpRV69uL8zaqak1WvwFp8aR8q/FM7.uTH9gLU2', 1, 1),
('1111111111b', 'Leroi', 'Luc', 'luc.leroi@etu.umontpellier.fr', '$2y$10$KbsgR0NwQJYxnrlXoU64B.SDq0NoGzenFVZh9ooJEXyfvQUvbpDey', 2, 4),
('1111111111c', 'Mik', 'Moulah', 'moulah.mik@etu.umontpellier.fr', '$2y$10$/iPzSNGg9ZvhkEJoEbCZEu6RBMhdCA40BQIcNG9eIAciHAYhHoIeW', 1, 5),
('1111111111d', 'Koik', 'Loic', 'loic.koik@etu.umontpellier.fr', '$2y$10$nQkcOhfVQrwBbVU46Hzvvut.35zq/4jBxzd.vm6.5OvsEmhSPmfN6', 2, 13),
('1112221114z', 'Poele', 'Jean-baptiste', 'jb.poele@umontpellier.fr', '$2y$10$dXhg1RVx6crX5QRWAqHvEOdkdWKC/453VBl/pOTsVI3o7lvCq9kHe', NULL, NULL);

-- --------------------------------------------------------

--
-- Structure de la table `question`
--

DROP TABLE IF EXISTS `question`;
CREATE TABLE IF NOT EXISTS `question` (
  `IdQuestion` int(11) NOT NULL,
  `ReponseJuste` char(1) NOT NULL,
  `IdTOEIC` int(11) NOT NULL,
  `IdPartie` int(11) NOT NULL,
  PRIMARY KEY (`IdQuestion`,`IdTOEIC`),
  KEY `Question_souspartie_FK` (`IdTOEIC`,`IdPartie`)
) ENGINE=InnoDB DEFAULT CHARSET=utf8;

--
-- Déchargement des données de la table `question`
--

INSERT INTO `question` (`IdQuestion`, `ReponseJuste`, `IdTOEIC`, `IdPartie`) VALUES
(1, 'A', 1, 1),
(1, 'A', 2, 1),
(1, 'A', 3, 1),
(2, 'B', 1, 1),
(2, 'B', 2, 1),
(2, 'B', 3, 1),
(3, 'B', 1, 1),
(3, 'B', 2, 1),
(3, 'B', 3, 1),
(4, 'C', 1, 1),
(4, 'C', 2, 1),
(4, 'C', 3, 1),
(5, 'D', 1, 1),
(5, 'D', 2, 1),
(5, 'D', 3, 1),
(6, 'A', 1, 1),
(6, 'A', 2, 1),
(6, 'A', 3, 1),
(7, 'C', 1, 2),
(7, 'C', 2, 2),
(7, 'C', 3, 2),
(8, 'A', 1, 2),
(8, 'A', 2, 2),
(8, 'A', 3, 2),
(9, 'A', 1, 2),
(9, 'A', 2, 2),
(9, 'A', 3, 2),
(10, 'B', 1, 2),
(10, 'B', 2, 2),
(10, 'B', 3, 2),
(11, 'D', 1, 2),
(11, 'D', 2, 2),
(11, 'D', 3, 2),
(12, 'A', 1, 2),
(12, 'A', 2, 2),
(12, 'A', 3, 2),
(13, 'C', 1, 2),
(13, 'C', 2, 2),
(13, 'C', 3, 2),
(14, 'D', 1, 2),
(14, 'D', 2, 2),
(14, 'D', 3, 2),
(15, 'A', 1, 2),
(15, 'A', 2, 2),
(15, 'A', 3, 2),
(16, 'A', 1, 2),
(16, 'A', 2, 2),
(16, 'A', 3, 2),
(17, 'C', 1, 2),
(17, 'C', 2, 2),
(17, 'C', 3, 2),
(18, 'D', 1, 2),
(18, 'D', 2, 2),
(18, 'D', 3, 2),
(19, 'B', 1, 2),
(19, 'B', 2, 2),
(19, 'B', 3, 2),
(20, 'B', 1, 2),
(20, 'B', 2, 2),
(20, 'B', 3, 2),
(21, 'A', 1, 2),
(21, 'A', 2, 2),
(21, 'A', 3, 2),
(22, 'A', 1, 2),
(22, 'A', 2, 2),
(22, 'A', 3, 2),
(23, 'C', 1, 2),
(23, 'C', 2, 2),
(23, 'C', 3, 2),
(24, 'D', 1, 2),
(24, 'D', 2, 2),
(24, 'D', 3, 2),
(25, 'B', 1, 2),
(25, 'B', 2, 2),
(25, 'B', 3, 2),
(26, 'A', 1, 2),
(26, 'A', 2, 2),
(26, 'A', 3, 2),
(27, 'B', 1, 2),
(27, 'B', 2, 2),
(27, 'B', 3, 2),
(28, 'C', 1, 2),
(28, 'C', 2, 2),
(28, 'C', 3, 2),
(29, 'D', 1, 2),
(29, 'D', 2, 2),
(29, 'D', 3, 2),
(30, 'A', 1, 2),
(30, 'A', 2, 2),
(30, 'A', 3, 2),
(31, 'C', 1, 2),
(31, 'C', 2, 2),
(31, 'C', 3, 2),
(32, 'A', 1, 3),
(32, 'A', 2, 3),
(32, 'A', 3, 3),
(33, 'B', 1, 3),
(33, 'B', 2, 3),
(33, 'B', 3, 3),
(34, 'C', 1, 3),
(34, 'C', 2, 3),
(34, 'C', 3, 3),
(35, 'D', 1, 3),
(35, 'D', 2, 3),
(35, 'D', 3, 3),
(36, 'A', 1, 3),
(36, 'A', 2, 3),
(36, 'A', 3, 3),
(37, 'A', 1, 3),
(37, 'A', 2, 3),
(37, 'A', 3, 3),
(38, 'B', 1, 3),
(38, 'B', 2, 3),
(38, 'B', 3, 3),
(39, 'C', 1, 3),
(39, 'C', 2, 3),
(39, 'C', 3, 3),
(40, 'C', 1, 3),
(40, 'C', 2, 3),
(40, 'C', 3, 3),
(41, 'D', 1, 3),
(41, 'D', 2, 3),
(41, 'D', 3, 3),
(42, 'A', 1, 3),
(42, 'A', 2, 3),
(42, 'A', 3, 3),
(43, 'D', 1, 3),
(43, 'D', 2, 3),
(43, 'D', 3, 3),
(44, 'A', 1, 3),
(44, 'A', 2, 3),
(44, 'A', 3, 3),
(45, 'C', 1, 3),
(45, 'C', 2, 3),
(45, 'C', 3, 3),
(46, 'C', 1, 3),
(46, 'C', 2, 3),
(46, 'C', 3, 3),
(47, 'A', 1, 3),
(47, 'A', 2, 3),
(47, 'A', 3, 3),
(48, 'B', 1, 3),
(48, 'B', 2, 3),
(48, 'B', 3, 3),
(49, 'C', 1, 3),
(49, 'C', 2, 3),
(49, 'C', 3, 3),
(50, 'D', 1, 3),
(50, 'D', 2, 3),
(50, 'D', 3, 3),
(51, 'A', 1, 3),
(51, 'A', 2, 3),
(51, 'A', 3, 3),
(52, 'B', 1, 3),
(52, 'B', 2, 3),
(52, 'B', 3, 3),
(53, 'A', 1, 3),
(53, 'A', 2, 3),
(53, 'A', 3, 3),
(54, 'D', 1, 3),
(54, 'D', 2, 3),
(54, 'D', 3, 3),
(55, 'B', 1, 3),
(55, 'B', 2, 3),
(55, 'B', 3, 3),
(56, 'C', 1, 3),
(56, 'C', 2, 3),
(56, 'C', 3, 3),
(57, 'C', 1, 3),
(57, 'C', 2, 3),
(57, 'C', 3, 3),
(58, 'A', 1, 3),
(58, 'A', 2, 3),
(58, 'A', 3, 3),
(59, 'D', 1, 3),
(59, 'D', 2, 3),
(59, 'D', 3, 3),
(60, 'B', 1, 3),
(60, 'B', 2, 3),
(60, 'B', 3, 3),
(61, 'C', 1, 3),
(61, 'C', 2, 3),
(61, 'C', 3, 3),
(62, 'C', 1, 3),
(62, 'C', 2, 3),
(62, 'C', 3, 3),
(63, 'D', 1, 3),
(63, 'D', 2, 3),
(63, 'D', 3, 3),
(64, 'A', 1, 3),
(64, 'A', 2, 3),
(64, 'A', 3, 3),
(65, 'B', 1, 3),
(65, 'B', 2, 3),
(65, 'B', 3, 3),
(66, 'A', 1, 3),
(66, 'A', 2, 3),
(66, 'A', 3, 3),
(67, 'B', 1, 3),
(67, 'B', 2, 3),
(67, 'B', 3, 3),
(68, 'C', 1, 3),
(68, 'C', 2, 3),
(68, 'C', 3, 3),
(69, 'D', 1, 3),
(69, 'D', 2, 3),
(69, 'D', 3, 3),
(70, 'D', 1, 3),
(70, 'D', 2, 3),
(70, 'D', 3, 3),
(71, 'A', 1, 4),
(71, 'A', 2, 4),
(71, 'A', 3, 4),
(72, 'B', 1, 4),
(72, 'B', 2, 4),
(72, 'B', 3, 4),
(73, 'C', 1, 4),
(73, 'C', 2, 4),
(73, 'C', 3, 4),
(74, 'A', 1, 4),
(74, 'A', 2, 4),
(74, 'A', 3, 4),
(75, 'D', 1, 4),
(75, 'D', 2, 4),
(75, 'D', 3, 4),
(76, 'B', 1, 4),
(76, 'B', 2, 4),
(76, 'B', 3, 4),
(77, 'C', 1, 4),
(77, 'C', 2, 4),
(77, 'C', 3, 4),
(78, 'A', 1, 4),
(78, 'A', 2, 4),
(78, 'A', 3, 4),
(79, 'D', 1, 4),
(79, 'D', 2, 4),
(79, 'D', 3, 4),
(80, 'D', 1, 4),
(80, 'D', 2, 4),
(80, 'D', 3, 4),
(81, 'A', 1, 4),
(81, 'A', 2, 4),
(81, 'A', 3, 4),
(82, 'A', 1, 4),
(82, 'A', 2, 4),
(82, 'A', 3, 4),
(83, 'C', 1, 4),
(83, 'C', 2, 4),
(83, 'C', 3, 4),
(84, 'B', 1, 4),
(84, 'B', 2, 4),
(84, 'B', 3, 4),
(85, 'D', 1, 4),
(85, 'D', 2, 4),
(85, 'D', 3, 4),
(86, 'A', 1, 4),
(86, 'A', 2, 4),
(86, 'A', 3, 4),
(87, 'C', 1, 4),
(87, 'C', 2, 4),
(87, 'C', 3, 4),
(88, 'B', 1, 4),
(88, 'B', 2, 4),
(88, 'B', 3, 4),
(89, 'D', 1, 4),
(89, 'D', 2, 4),
(89, 'D', 3, 4),
(90, 'B', 1, 4),
(90, 'B', 2, 4),
(90, 'B', 3, 4),
(91, 'D', 1, 4),
(91, 'D', 2, 4),
(91, 'D', 3, 4),
(92, 'A', 1, 4),
(92, 'A', 2, 4),
(92, 'A', 3, 4),
(93, 'C', 1, 4),
(93, 'C', 2, 4),
(93, 'C', 3, 4),
(94, 'D', 1, 4),
(94, 'D', 2, 4),
(94, 'D', 3, 4),
(95, 'B', 1, 4),
(95, 'B', 2, 4),
(95, 'B', 3, 4),
(96, 'C', 1, 4),
(96, 'C', 2, 4),
(96, 'C', 3, 4),
(97, 'A', 1, 4),
(97, 'A', 2, 4),
(97, 'A', 3, 4),
(98, 'C', 1, 4),
(98, 'C', 2, 4),
(98, 'C', 3, 4),
(99, 'A', 1, 4),
(99, 'A', 2, 4),
(99, 'A', 3, 4),
(100, 'B', 1, 4),
(100, 'B', 2, 4),
(100, 'B', 3, 4),
(101, 'C', 1, 5),
(101, 'C', 2, 5),
(101, 'C', 3, 5),
(102, 'D', 1, 5),
(102, 'D', 2, 5),
(102, 'D', 3, 5),
(103, 'A', 1, 5),
(103, 'A', 2, 5),
(103, 'A', 3, 5),
(104, 'B', 1, 5),
(104, 'B', 2, 5),
(104, 'B', 3, 5),
(105, 'B', 1, 5),
(105, 'B', 2, 5),
(105, 'B', 3, 5),
(106, 'C', 1, 5),
(106, 'C', 2, 5),
(106, 'C', 3, 5),
(107, 'D', 1, 5),
(107, 'D', 2, 5),
(107, 'D', 3, 5),
(108, 'A', 1, 5),
(108, 'A', 2, 5),
(108, 'A', 3, 5),
(109, 'A', 1, 5),
(109, 'A', 2, 5),
(109, 'A', 3, 5),
(110, 'B', 1, 5),
(110, 'B', 2, 5),
(110, 'B', 3, 5),
(111, 'C', 1, 5),
(111, 'C', 2, 5),
(111, 'C', 3, 5),
(112, 'D', 1, 5),
(112, 'D', 2, 5),
(112, 'D', 3, 5),
(113, 'D', 1, 5),
(113, 'D', 2, 5),
(113, 'D', 3, 5),
(114, 'B', 1, 5),
(114, 'B', 2, 5),
(114, 'B', 3, 5),
(115, 'A', 1, 5),
(115, 'A', 2, 5),
(115, 'A', 3, 5),
(116, 'C', 1, 5),
(116, 'C', 2, 5),
(116, 'C', 3, 5),
(117, 'B', 1, 5),
(117, 'B', 2, 5),
(117, 'B', 3, 5),
(118, 'A', 1, 5),
(118, 'A', 2, 5),
(118, 'A', 3, 5),
(119, 'D', 1, 5),
(119, 'D', 2, 5),
(119, 'D', 3, 5),
(120, 'D', 1, 5),
(120, 'D', 2, 5),
(120, 'D', 3, 5),
(121, 'C', 1, 5),
(121, 'C', 2, 5),
(121, 'C', 3, 5),
(122, 'C', 1, 5),
(122, 'C', 2, 5),
(122, 'C', 3, 5),
(123, 'A', 1, 5),
(123, 'A', 2, 5),
(123, 'A', 3, 5),
(124, 'B', 1, 5),
(124, 'B', 2, 5),
(124, 'B', 3, 5),
(125, 'B', 1, 5),
(125, 'B', 2, 5),
(125, 'B', 3, 5),
(126, 'A', 1, 5),
(126, 'A', 2, 5),
(126, 'A', 3, 5),
(127, 'C', 1, 5),
(127, 'C', 2, 5),
(127, 'C', 3, 5),
(128, 'D', 1, 5),
(128, 'D', 2, 5),
(128, 'D', 3, 5),
(129, 'D', 1, 5),
(129, 'D', 2, 5),
(129, 'D', 3, 5),
(130, 'A', 1, 5),
(130, 'A', 2, 5),
(130, 'A', 3, 5),
(131, 'A', 1, 6),
(131, 'A', 2, 6),
(131, 'A', 3, 6),
(132, 'C', 1, 6),
(132, 'C', 2, 6),
(132, 'C', 3, 6),
(133, 'D', 1, 6),
(133, 'D', 2, 6),
(133, 'D', 3, 6),
(134, 'B', 1, 6),
(134, 'B', 2, 6),
(134, 'B', 3, 6),
(135, 'B', 1, 6),
(135, 'B', 2, 6),
(135, 'B', 3, 6),
(136, 'C', 1, 6),
(136, 'C', 2, 6),
(136, 'C', 3, 6),
(137, 'D', 1, 6),
(137, 'D', 2, 6),
(137, 'D', 3, 6),
(138, 'A', 1, 6),
(138, 'A', 2, 6),
(138, 'A', 3, 6),
(139, 'A', 1, 6),
(139, 'A', 2, 6),
(139, 'A', 3, 6),
(140, 'D', 1, 6),
(140, 'D', 2, 6),
(140, 'D', 3, 6),
(141, 'C', 1, 6),
(141, 'C', 2, 6),
(141, 'C', 3, 6),
(142, 'B', 1, 6),
(142, 'B', 2, 6),
(142, 'B', 3, 6),
(143, 'B', 1, 6),
(143, 'B', 2, 6),
(143, 'B', 3, 6),
(144, 'A', 1, 6),
(144, 'A', 2, 6),
(144, 'A', 3, 6),
(145, 'C', 1, 6),
(145, 'C', 2, 6),
(145, 'C', 3, 6),
(146, 'D', 1, 6),
(146, 'D', 2, 6),
(146, 'D', 3, 6),
(147, 'A', 1, 7),
(147, 'A', 2, 7),
(147, 'A', 3, 7),
(148, 'C', 1, 7),
(148, 'C', 2, 7),
(148, 'C', 3, 7),
(149, 'D', 1, 7),
(149, 'D', 2, 7),
(149, 'D', 3, 7),
(150, 'B', 1, 7),
(150, 'B', 2, 7),
(150, 'B', 3, 7),
(151, 'B', 1, 7),
(151, 'B', 2, 7),
(151, 'B', 3, 7),
(152, 'D', 1, 7),
(152, 'D', 2, 7),
(152, 'D', 3, 7),
(153, 'A', 1, 7),
(153, 'A', 2, 7),
(153, 'A', 3, 7),
(154, 'C', 1, 7),
(154, 'C', 2, 7),
(154, 'C', 3, 7),
(155, 'C', 1, 7),
(155, 'C', 2, 7),
(155, 'C', 3, 7),
(156, 'C', 1, 7),
(156, 'C', 2, 7),
(156, 'C', 3, 7),
(157, 'B', 1, 7),
(157, 'B', 2, 7),
(157, 'B', 3, 7),
(158, 'A', 1, 7),
(158, 'A', 2, 7),
(158, 'A', 3, 7),
(159, 'D', 1, 7),
(159, 'D', 2, 7),
(159, 'D', 3, 7),
(160, 'D', 1, 7),
(160, 'D', 2, 7),
(160, 'D', 3, 7),
(161, 'A', 1, 7),
(161, 'A', 2, 7),
(161, 'A', 3, 7),
(162, 'A', 1, 7),
(162, 'A', 2, 7),
(162, 'A', 3, 7),
(163, 'B', 1, 7),
(163, 'B', 2, 7),
(163, 'B', 3, 7),
(164, 'D', 1, 7),
(164, 'D', 2, 7),
(164, 'D', 3, 7),
(165, 'C', 1, 7),
(165, 'C', 2, 7),
(165, 'C', 3, 7),
(166, 'A', 1, 7),
(166, 'A', 2, 7),
(166, 'A', 3, 7),
(167, 'B', 1, 7),
(167, 'B', 2, 7),
(167, 'B', 3, 7),
(168, 'D', 1, 7),
(168, 'D', 2, 7),
(168, 'D', 3, 7),
(169, 'C', 1, 7),
(169, 'C', 2, 7),
(169, 'C', 3, 7),
(170, 'C', 1, 7),
(170, 'C', 2, 7),
(170, 'C', 3, 7),
(171, 'A', 1, 7),
(171, 'A', 2, 7),
(171, 'A', 3, 7),
(172, 'B', 1, 7),
(172, 'B', 2, 7),
(172, 'B', 3, 7),
(173, 'D', 1, 7),
(173, 'D', 2, 7),
(173, 'D', 3, 7),
(174, 'C', 1, 7),
(174, 'C', 2, 7),
(174, 'C', 3, 7),
(175, 'C', 1, 7),
(175, 'C', 2, 7),
(175, 'C', 3, 7),
(176, 'A', 1, 7),
(176, 'A', 2, 7),
(176, 'A', 3, 7),
(177, 'A', 1, 7),
(177, 'A', 2, 7),
(177, 'A', 3, 7),
(178, 'B', 1, 7),
(178, 'B', 2, 7),
(178, 'B', 3, 7),
(179, 'D', 1, 7),
(179, 'D', 2, 7),
(179, 'D', 3, 7),
(180, 'D', 1, 7),
(180, 'D', 2, 7),
(180, 'D', 3, 7),
(181, 'C', 1, 7),
(181, 'C', 2, 7),
(181, 'C', 3, 7),
(182, 'A', 1, 7),
(182, 'A', 2, 7),
(182, 'A', 3, 7),
(183, 'B', 1, 7),
(183, 'B', 2, 7),
(183, 'B', 3, 7),
(184, 'B', 1, 7),
(184, 'B', 2, 7),
(184, 'B', 3, 7),
(185, 'D', 1, 7),
(185, 'D', 2, 7),
(185, 'D', 3, 7),
(186, 'A', 1, 7),
(186, 'A', 2, 7),
(186, 'A', 3, 7),
(187, 'C', 1, 7),
(187, 'C', 2, 7),
(187, 'C', 3, 7),
(188, 'C', 1, 7),
(188, 'C', 2, 7),
(188, 'C', 3, 7),
(189, 'C', 1, 7),
(189, 'C', 2, 7),
(189, 'C', 3, 7),
(190, 'A', 1, 7),
(190, 'A', 2, 7),
(190, 'A', 3, 7),
(191, 'B', 1, 7),
(191, 'B', 2, 7),
(191, 'B', 3, 7),
(192, 'D', 1, 7),
(192, 'D', 2, 7),
(192, 'D', 3, 7),
(193, 'D', 1, 7),
(193, 'D', 2, 7),
(193, 'D', 3, 7),
(194, 'C', 1, 7),
(194, 'C', 2, 7),
(194, 'C', 3, 7),
(195, 'A', 1, 7),
(195, 'A', 2, 7),
(195, 'A', 3, 7),
(196, 'B', 1, 7),
(196, 'B', 2, 7),
(196, 'B', 3, 7),
(197, 'B', 1, 7),
(197, 'B', 2, 7),
(197, 'B', 3, 7),
(198, 'D', 1, 7),
(198, 'D', 2, 7),
(198, 'D', 3, 7),
(199, 'C', 1, 7),
(199, 'C', 2, 7),
(199, 'C', 3, 7),
(200, 'A', 1, 7),
(200, 'A', 2, 7),
(200, 'A', 3, 7);

-- --------------------------------------------------------

--
-- Structure de la table `repondre`
--

DROP TABLE IF EXISTS `repondre`;
CREATE TABLE IF NOT EXISTS `repondre` (
  `codeINE` varchar(11) NOT NULL,
  `date` datetime NOT NULL,
  `IdTOEIC` int(11) NOT NULL,
  `IdPartie` int(11) NOT NULL,
  `score` int(11) NOT NULL,
  PRIMARY KEY (`codeINE`,`date`,`IdTOEIC`,`IdPartie`),
  KEY `repondre_souspartie1_FK` (`IdTOEIC`,`IdPartie`)
) ENGINE=InnoDB DEFAULT CHARSET=utf8;

--
-- Déchargement des données de la table `repondre`
--

INSERT INTO `repondre` (`codeINE`, `date`, `IdTOEIC`, `IdPartie`, `score`) VALUES
('1110014292z', '2020-01-01 00:00:00', 1, 1, 4),
('1110014292z', '2020-01-01 00:00:00', 1, 2, 20),
('1110014292z', '2020-01-01 00:00:00', 1, 3, 30),
('1110014292z', '2020-01-01 00:00:00', 1, 4, 25),
('1110014292z', '2020-01-01 00:00:00', 1, 5, 20),
('1110014292z', '2020-01-01 00:00:00', 1, 6, 10),
('1110014292z', '2020-01-01 00:00:00', 1, 7, 45),
('1110014292z', '2020-01-01 00:00:00', 2, 1, 4),
('1110014292z', '2020-01-01 00:00:00', 2, 2, 20),
('1110014292z', '2020-01-01 00:00:00', 2, 3, 30),
('1110014292z', '2020-01-01 00:00:00', 2, 4, 25),
('1110014292z', '2020-01-01 00:00:00', 2, 5, 20),
('1110014292z', '2020-01-01 00:00:00', 2, 6, 10),
('1110014292z', '2020-01-01 00:00:00', 2, 7, 45),
('1110014292z', '2020-01-07 00:00:00', 1, 1, 4),
('1110014292z', '2020-01-07 00:00:00', 1, 2, 20),
('1110014292z', '2020-01-07 00:00:00', 1, 3, 30),
('1110014292z', '2020-01-07 00:00:00', 1, 4, 25),
('1110014292z', '2020-01-07 00:00:00', 1, 5, 20),
('1110014292z', '2020-01-07 00:00:00', 1, 6, 10),
('1110014292z', '2020-01-07 00:00:00', 1, 7, 45),
('1110014292z', '2020-01-08 00:00:00', 1, 1, 10),
('1110014292z', '2020-01-08 00:00:00', 1, 2, 25),
('1110014292z', '2020-01-08 00:00:00', 1, 3, 30),
('1110014292z', '2020-01-08 00:00:00', 1, 4, 25),
('1110014292z', '2020-01-08 00:00:00', 1, 5, 20),
('1110014292z', '2020-01-08 00:00:00', 1, 6, 10),
('1110014292z', '2020-01-08 00:00:00', 1, 7, 45),
('1111111111a', '2020-01-01 00:00:00', 1, 1, 2),
('1111111111a', '2020-01-01 00:00:00', 1, 2, 15),
('1111111111a', '2020-01-01 00:00:00', 1, 3, 25),
('1111111111a', '2020-01-01 00:00:00', 1, 4, 15),
('1111111111a', '2020-01-01 00:00:00', 1, 5, 14),
('1111111111a', '2020-01-01 00:00:00', 1, 6, 10),
('1111111111a', '2020-01-01 00:00:00', 1, 7, 35),
('1111111111a', '2020-01-07 00:00:00', 1, 1, 2),
('1111111111a', '2020-01-07 00:00:00', 1, 2, 15),
('1111111111a', '2020-01-07 00:00:00', 1, 3, 25),
('1111111111a', '2020-01-07 00:00:00', 1, 4, 15),
('1111111111a', '2020-01-07 00:00:00', 1, 5, 14),
('1111111111a', '2020-01-07 00:00:00', 1, 6, 10),
('1111111111a', '2020-01-07 00:00:00', 1, 7, 35),
('1111111111a', '2020-01-08 00:00:00', 1, 1, 2),
('1111111111a', '2020-01-08 00:00:00', 1, 2, 15),
('1111111111a', '2020-01-08 00:00:00', 1, 3, 25),
('1111111111a', '2020-01-08 00:00:00', 1, 4, 15),
('1111111111a', '2020-01-08 00:00:00', 1, 5, 14),
('1111111111a', '2020-01-08 00:00:00', 1, 6, 10),
('1111111111a', '2020-01-08 00:00:00', 1, 7, 35),
('1111111111b', '2020-01-02 00:00:00', 2, 1, 2),
('1111111111b', '2020-01-02 00:00:00', 2, 2, 10),
('1111111111b', '2020-01-02 00:00:00', 2, 3, 20),
('1111111111b', '2020-01-02 00:00:00', 2, 4, 10),
('1111111111b', '2020-01-02 00:00:00', 2, 5, 15),
('1111111111b', '2020-01-02 00:00:00', 2, 6, 9),
('1111111111b', '2020-01-02 00:00:00', 2, 7, 25),
('1111111111d', '2020-01-02 00:00:00', 2, 1, 6),
('1111111111d', '2020-01-02 00:00:00', 2, 2, 20),
('1111111111d', '2020-01-02 00:00:00', 2, 3, 30),
('1111111111d', '2020-01-02 00:00:00', 2, 4, 30),
('1111111111d', '2020-01-02 00:00:00', 2, 5, 27),
('1111111111d', '2020-01-02 00:00:00', 2, 6, 14),
('1111111111d', '2020-01-02 00:00:00', 2, 7, 50);

-- --------------------------------------------------------

--
-- Structure de la table `score`
--

DROP TABLE IF EXISTS `score`;
CREATE TABLE IF NOT EXISTS `score` (
  `idQuestion` int(11) NOT NULL,
  `valeur` int(11) NOT NULL,
  PRIMARY KEY (`idQuestion`)
) ENGINE=InnoDB DEFAULT CHARSET=utf8;

--
-- Déchargement des données de la table `score`
--

INSERT INTO `score` (`idQuestion`, `valeur`) VALUES
(1, 5),
(2, 5),
(3, 5),
(4, 5),
(5, 5),
(6, 5),
(7, 5),
(8, 5),
(9, 5),
(10, 5),
(11, 5),
(12, 5),
(13, 5),
(14, 5),
(15, 5),
(16, 5),
(17, 10),
(18, 15),
(19, 20),
(20, 25),
(21, 30),
(22, 35),
(23, 40),
(24, 45),
(25, 50),
(26, 55),
(27, 60),
(28, 70),
(29, 80),
(30, 85),
(31, 90),
(32, 95),
(33, 100),
(34, 105),
(35, 115),
(36, 125),
(37, 135),
(38, 140),
(39, 150),
(40, 160),
(41, 170),
(42, 175),
(43, 180),
(44, 190),
(45, 200),
(46, 205),
(47, 215),
(48, 220),
(49, 225),
(50, 230),
(51, 235),
(52, 245),
(53, 255),
(54, 260),
(55, 265),
(56, 275),
(57, 285),
(58, 290),
(59, 295),
(60, 300),
(61, 310),
(62, 320),
(63, 325),
(64, 330),
(65, 335),
(66, 340),
(67, 345),
(68, 350),
(69, 355),
(70, 360),
(71, 365),
(72, 370),
(73, 375),
(74, 385),
(75, 395),
(76, 400),
(77, 405),
(78, 415),
(79, 420),
(80, 425),
(81, 430),
(82, 435),
(83, 440),
(84, 445),
(85, 450),
(86, 455),
(87, 460),
(88, 465),
(89, 475),
(90, 480),
(91, 485),
(92, 490),
(93, 495),
(94, 495),
(95, 495),
(96, 495),
(97, 495),
(98, 495),
(99, 495),
(100, 495),
(101, 5),
(102, 5),
(103, 5),
(104, 5),
(105, 5),
(106, 5),
(107, 5),
(108, 5),
(109, 5),
(110, 5),
(111, 5),
(112, 5),
(113, 5),
(114, 5),
(115, 5),
(116, 5),
(117, 5),
(118, 5),
(119, 5),
(120, 5),
(121, 10),
(122, 15),
(123, 20),
(124, 25),
(125, 30),
(126, 35),
(127, 40),
(128, 45),
(129, 55),
(130, 60),
(131, 65),
(132, 70),
(133, 75),
(134, 80),
(135, 85),
(136, 90),
(137, 95),
(138, 105),
(139, 115),
(140, 120),
(141, 125),
(142, 130),
(143, 135),
(144, 140),
(145, 145),
(146, 155),
(147, 160),
(148, 170),
(149, 175),
(150, 185),
(151, 195),
(152, 205),
(153, 210),
(154, 215),
(155, 220),
(156, 230),
(157, 240),
(158, 245),
(159, 250),
(160, 255),
(161, 260),
(162, 265),
(163, 270),
(164, 275),
(165, 280),
(166, 285),
(167, 290),
(168, 295),
(169, 300),
(170, 310),
(171, 315),
(172, 320),
(173, 325),
(174, 330),
(175, 335),
(176, 340),
(177, 345),
(178, 355),
(179, 360),
(180, 370),
(181, 375),
(182, 385),
(183, 390),
(184, 395),
(185, 400),
(186, 405),
(187, 415),
(188, 420),
(189, 425),
(190, 435),
(191, 440),
(192, 450),
(193, 455),
(194, 460),
(195, 470),
(196, 475),
(197, 485),
(198, 485),
(199, 490),
(200, 495);

-- --------------------------------------------------------

--
-- Structure de la table `souspartie`
--

DROP TABLE IF EXISTS `souspartie`;
CREATE TABLE IF NOT EXISTS `souspartie` (
  `IdTOEIC` int(11) NOT NULL,
  `IdPartie` int(11) NOT NULL,
  `LibellePartie` varchar(50) NOT NULL,
  `Type` varchar(50) NOT NULL,
  PRIMARY KEY (`IdTOEIC`,`IdPartie`)
) ENGINE=InnoDB DEFAULT CHARSET=utf8;

--
-- Déchargement des données de la table `souspartie`
--

INSERT INTO `souspartie` (`IdTOEIC`, `IdPartie`, `LibellePartie`, `Type`) VALUES
(1, 1, 'partie1', 'listening'),
(1, 2, 'partie2', 'listening'),
(1, 3, 'partie3', 'listening'),
(1, 4, 'partie4', 'listening'),
(1, 5, 'partie5', 'reading'),
(1, 6, 'partie6', 'reading'),
(1, 7, 'partie7', 'reading'),
(2, 1, 'partie1', 'listening'),
(2, 2, 'partie2', 'listening'),
(2, 3, 'partie3', 'listening'),
(2, 4, 'partie4', 'listening'),
(2, 5, 'partie5', 'reading'),
(2, 6, 'partie6', 'reading'),
(2, 7, 'partie7', 'reading'),
(3, 1, 'partie1', 'listening'),
(3, 2, 'partie2', 'listening'),
(3, 3, 'partie3', 'listening'),
(3, 4, 'partie4', 'listening'),
(3, 5, 'partie5', 'reading'),
(3, 6, 'partie6', 'reading'),
(3, 7, 'partie7', 'reading');

-- --------------------------------------------------------

--
-- Structure de la table `toeic`
--

DROP TABLE IF EXISTS `toeic`;
CREATE TABLE IF NOT EXISTS `toeic` (
  `IdTOEIC` int(11) NOT NULL AUTO_INCREMENT,
  `LibelleTOEIC` varchar(50) NOT NULL,
  `estVisible` tinyint(1) NOT NULL DEFAULT 0,
  PRIMARY KEY (`IdTOEIC`)
) ENGINE=InnoDB AUTO_INCREMENT=4 DEFAULT CHARSET=utf8;

--
-- Déchargement des données de la table `toeic`
--

INSERT INTO `toeic` (`IdTOEIC`, `LibelleTOEIC`, `estVisible`) VALUES
(1, 'toeic1', 1),
(2, 'toeic2', 1),
(3, 'toeic3', 1);

--
-- Contraintes pour les tables déchargées
--

--
-- Contraintes pour la table `personne`
--
ALTER TABLE `personne`
  ADD CONSTRAINT `Personne_Classe0_FK` FOREIGN KEY (`IdClasse`) REFERENCES `classe` (`IdClasse`),
  ADD CONSTRAINT `Personne_Groupe_FK` FOREIGN KEY (`NumGroupe`) REFERENCES `groupe` (`NumGroupe`);

--
-- Contraintes pour la table `question`
--
ALTER TABLE `question`
  ADD CONSTRAINT `Question_souspartie_FK` FOREIGN KEY (`IdTOEIC`,`IdPartie`) REFERENCES `souspartie` (`IdTOEIC`, `IdPartie`);

--
-- Contraintes pour la table `repondre`
--
ALTER TABLE `repondre`
  ADD CONSTRAINT `repondre_Personne_FK` FOREIGN KEY (`codeINE`) REFERENCES `personne` (`codeINE`),
  ADD CONSTRAINT `repondre_souspartie1_FK` FOREIGN KEY (`IdTOEIC`,`IdPartie`) REFERENCES `souspartie` (`IdTOEIC`, `IdPartie`);

--
-- Contraintes pour la table `souspartie`
--
ALTER TABLE `souspartie`
  ADD CONSTRAINT `souspartie_TOEIC_FK` FOREIGN KEY (`IdTOEIC`) REFERENCES `toeic` (`IdTOEIC`);
COMMIT;

/*!40101 SET CHARACTER_SET_CLIENT=@OLD_CHARACTER_SET_CLIENT */;
/*!40101 SET CHARACTER_SET_RESULTS=@OLD_CHARACTER_SET_RESULTS */;
/*!40101 SET COLLATION_CONNECTION=@OLD_COLLATION_CONNECTION */;
